algorithm,episode,attention_mean,attention_std,attention_min,attention_max,attention_entropy,attention_edges
IQL-GNN,1,0.4090909118002111,0.21157939363247402,0.25,1.0,2.9804751173200916,22
IQL-GNN,2,0.4090909118002111,0.21157939363247402,0.25,1.0,2.9804751173200916,22
QMIX-GNN,1,0.4090909118002111,0.21157939363247402,0.25,1.0,2.9804751173200916,22
QMIX-GNN,2,0.4090909118002111,0.21157939363247402,0.25,1.0,2.9804751173200916,22
MAPPO-GNN,1,0.4090909118002111,0.21157939363247402,0.25,1.0,2.9804751173200916,22
MAPPO-GNN,2,0.4090909118002111,0.21157939363247402,0.25,1.0,2.9804751173200916,22
